{"count":1,"self":326.39375359999997,"total":2489.3457381999997,"children":{"InitializeActuators":{"count":6,"self":0.0015402,"total":0.0015402,"children":null},"InitializeSensors":{"count":6,"self":0.0015448999999999999,"total":0.0015448999999999999,"children":null},"AgentSendState":{"count":416867,"self":1.0856236,"total":5.0993845,"children":{"CollectObservations":{"count":500244,"self":0.5526527,"total":0.5526527,"children":null},"WriteActionMask":{"count":500244,"self":0.1223167,"total":0.1223167,"children":null},"RequestDecision":{"count":500244,"self":0.7537451,"total":3.3387914999999997,"children":{"AgentInfo.ToProto":{"count":500244,"self":0.8538899,"total":2.5850464,"children":{"GenerateSensorData":{"count":500244,"self":1.7311564,"total":1.7311565,"children":null}}}}}}},"DecideAction":{"count":416867,"self":2040.2944,"total":2040.2944281999999,"children":null},"AgentAct":{"count":416867,"self":117.5382272,"total":117.5479388,"children":{"AgentInfo.ToProto":{"count":545,"self":0.0020505,"total":0.0097158,"children":{"GenerateSensorData":{"count":545,"self":0.0076653,"total":0.0076653,"children":null}}}}},"AgentInfo.ToProto":{"count":582,"self":0.0030605999999999997,"total":0.0061242,"children":{"GenerateSensorData":{"count":582,"self":0.0030635999999999997,"total":0.0030635999999999997,"children":null}}}},"gauges":{"carrito.CumulativeReward":{"count":1127,"max":3.32000542,"min":-11.9999771,"runningAverage":-3.58377,"value":0.100099713,"weightedAverage":-0.269863844}},"metadata":{"timer_format_version":"0.1.0","start_time_seconds":"1718220504","unity_version":"2022.3.23f1","command_line_arguments":"C:\\Program Files\\Unity\\Hub\\Editor\\2022.3.23f1\\Editor\\Unity.exe -projectpath C:\\Users\\AMERIKE\\Documents\\GitHub\\Pix2Drive -useHub -hubIPC -cloudEnvironment production","communication_protocol_version":"1.5.0","com.unity.ml-agents_version":"3.0.0-exp.1","scene_name":"AlexUFO","end_time_seconds":"1718222993"}}